id, event_id, eventa_id, conf., 'note'
5,13,5,0.00999,""
4,9,11,0.00999,""
3,4,8,0.00999,""
2,2,7,0.00999,""
1,1,6,0.00999,""
