id, ind_id, per_id, conf., 'note'
9,26,43,0.00999,""
8,1,42,0.00999,""
7,30,35,0.00999,""
6,26,34,0.00999,""
5,29,31,0.00999,""
4,25,33,0.00999,""
3,25,32,0.00999,""
2,1,26,0.00999,""
1,2,25,0.00999,""
